gene and amino acid position,through March,April to October
HA_H5_10,1,25
HA_H5_110,1,3
HA_H5_111,1,3
HA_H5_113,2,14
HA_H5_131,1,2
HA_H5_136,7,11
HA_H5_137,1,1
HA_H5_139,1,11
HA_H5_140,1,3
HA_H5_143,30,88
HA_H5_148,1,1
HA_H5_152,2,4
HA_H5_153,1,5
HA_H5_154,6,10
HA_H5_155,1,1
HA_H5_170,1,5
HA_H5_172,10,17
HA_H5_186,1,2
HA_H5_201,10,24
HA_H5_209,1,3
HA_H5_229,2,2
HA_H5_234,10,36
HA_H5_240,1,1
HA_H5_242,1,8
HA_H5_252,3,8
HA_H5_263,1,1
HA_H5_267,2,2
HA_H5_275,1,3
HA_H5_284,1,7
HA_H5_288,1,3
HA_H5_289,1,13
HA_H5_301,2,6
HA_H5_323,1,1
HA_H5_336,18,245
HA_H5_337,8,21
HA_H5_339,1,2
HA_H5_351,130,653
HA_H5_361,2,12
HA_H5_371,1,1
HA_H5_372,1,5
HA_H5_374,179,870
HA_H5_377,1,6
HA_H5_381,1,4
HA_H5_393,1,8
HA_H5_396,1,2
HA_H5_397,2,4
HA_H5_405,1,4
HA_H5_417,1,13
HA_H5_420,2,12
HA_H5_422,5,15
HA_H5_433,1,7
HA_H5_438,1,5
HA_H5_443,1,7
HA_H5_453,1,3
HA_H5_460,1,7
HA_H5_465,1,10
HA_H5_467,4,7
HA_H5_472,5,6
HA_H5_474,1,2
HA_H5_478,2,5
HA_H5_480,1,1
HA_H5_484,1,5
HA_H5_486,2,1
HA_H5_492,2,17
HA_H5_494,2,12
HA_H5_496,1,6
HA_H5_498,1,7
HA_H5_500,1,4
HA_H5_503,2,12
HA_H5_505,1,9
HA_H5_509,5,10
HA_H5_510,1,8
HA_H5_512,1,14
HA_H5_514,2,4
HA_H5_516,1,4
HA_H5_517,2,1
HA_H5_519,2,14
HA_H5_520,2,3
HA_H5_521,1,8
HA_H5_526,1,14
HA_H5_528,2,17
HA_H5_537,1,9
HA_H5_538,2,18
HA_H5_543,2,5
HA_H5_545,1,3
HA_H5_546,5,4
HA_H5_547,1,10
HA_H5_550,1,4
HA_H5_551,1,2
HA_H5_564,1,4
HA_H5_91,1,1
MP_101,1,1
MP_105,1,3
MP_106,1,3
MP_111,2,6
MP_113,2,2
MP_116,1,4
MP_120,2,7
MP_125,1,2
MP_128,2,15
MP_131,1,2
MP_134,2,3
MP_135,1,18
MP_136,1,2
MP_137,2,15
MP_138,1,6
MP_143,2,2
MP_150,1,2
MP_157,1,2
MP_159,1,1
MP_160,1,1
MP_167,3,8
MP_173,2,5
MP_174,1,2
MP_179,1,11
MP_181,1,6
MP_182,3,26
MP_187,1,3
MP_188,4,5
MP_189,1,4
MP_190,1,6
MP_191,4,11
MP_192,1,8
MP_193,1,3
MP_194,2,2
MP_197,1,8
MP_200,2,10
MP_203,6,21
MP_205,4,9
MP_207,5,30
MP_209,1,4
MP_216,1,3
MP_217,1,9
MP_218,1,13
MP_224,2,5
MP_225,1,9
MP_229,1,10
MP_231,1,3
MP_234,1,1
MP_235,1,14
MP_238,1,7
MP_239,2,8
MP_240,16,41
MP_244,3,11
MP_248,1,2
MP_254,1,7
MP_255,1,6
MP_257,1,10
MP_258,1,9
MP_260,1,10
MP_262,1,7
MP_263,2,10
MP_264,3,8
MP_265,1,16
MP_267,1,6
MP_272,1,7
MP_273,1,4
MP_274,1,6
MP_277,2,9
MP_280,2,18
MP_283,51,90
MP_284,4,4
MP_287,1,4
MP_291,1,14
MP_292,1,1
MP_297,1,10
MP_299,1,8
MP_301,2,6
MP_304,1,3
MP_307,1,6
MP_310,2,2
MP_311,1,4
MP_314,1,6
MP_316,3,17
MP_317,6,5
MP_319,1,12
MP_322,1,10
MP_323,2,7
MP_326,1,10
MP_59,4,26
MP_63,3,3
MP_73,1,1
MP_80,1,12
MP_82,1,252
MP_83,2,6
MP_88,1,2
MP_89,2,7
MP_97,1,9
NA_N1_102,1,2
NA_N1_103,3,8
NA_N1_105,1,6
NA_N1_106,1,15
NA_N1_114,1,3
NA_N1_118,1,3
NA_N1_123,1,5
NA_N1_138,1,10
NA_N1_141,1,6
NA_N1_143,2,3
NA_N1_145,1,1
NA_N1_147,4,7
NA_N1_148,2,3
NA_N1_149,2,6
NA_N1_150,1,6
NA_N1_155,1,3
NA_N1_157,2,2
NA_N1_16,1,1
NA_N1_163,1,5
NA_N1_166,1,5
NA_N1_169,1,8
NA_N1_178,2,4
NA_N1_188,2,8
NA_N1_19,1,4
NA_N1_203,1,4
NA_N1_205,2,3
NA_N1_211,1,3
NA_N1_221,1,7
NA_N1_222,1,3
NA_N1_223,1,5
NA_N1_228,1,6
NA_N1_232,4,5
NA_N1_246,1,1
NA_N1_262,1,6
NA_N1_265,2,1
NA_N1_267,1,3
NA_N1_270,3,5
NA_N1_272,1,9
NA_N1_273,1,8
NA_N1_277,1,2
NA_N1_278,1,1
NA_N1_284,2,4
NA_N1_288,1,12
NA_N1_292,8,105
NA_N1_293,1,1
NA_N1_296,1,3
NA_N1_302,1,1
NA_N1_316,1,2
NA_N1_321,1,6
NA_N1_327,1,2
NA_N1_331,1,7
NA_N1_333,1,1
NA_N1_336,2,11
NA_N1_340,3,2
NA_N1_341,1,3
NA_N1_343,1,3
NA_N1_344,1,34
NA_N1_355,4,9
NA_N1_357,1,5
NA_N1_360,1,3
NA_N1_365,1,7
NA_N1_366,1,14
NA_N1_373,1,3
NA_N1_378,1,5
NA_N1_381,5,8
NA_N1_383,1,3
NA_N1_386,3,17
NA_N1_389,1,8
NA_N1_390,1,3
NA_N1_394,2,9
NA_N1_407,1,4
NA_N1_413,2,5
NA_N1_417,1,2
NA_N1_424,1,4
NA_N1_426,1,2
NA_N1_430,1,90
NA_N1_432,1,13
NA_N1_434,1,8
NA_N1_435,2,6
NA_N1_436,1,11
NA_N1_438,3,9
NA_N1_442,1,9
NA_N1_449,1,6
NA_N1_450,1,10
NA_N1_454,4,11
NA_N1_460,3,6
NA_N1_49,1,5
NA_N1_50,1,4
NA_N1_53,1,7
NA_N1_54,1,8
NA_N1_57,7,18
NA_N1_58,3,9
NA_N1_59,1,11
NA_N1_60,1,4
NA_N1_63,2,5
NA_N1_65,7,14
NA_N1_66,2,2
NA_N1_70,2,9
NA_N1_71,143,257
NA_N1_73,2,5
NA_N1_74,1,4
NA_N1_76,2,7
NA_N1_77,1,11
NA_N1_89,2,3
NA_N1_94,3,2
NA_N1_99,3,5
NP_118,1,7
NP_126,1,6
NP_131,1,1
NP_152,1,4
NP_156,1,1
NP_161,1,5
NP_163,3,10
NP_165,1,4
NP_174,1,1
NP_185,1,1
NP_186,1,4
NP_189,2,10
NP_194,1,6
NP_201,1,7
NP_202,1,1
NP_210,1,1
NP_211,1,11
NP_214,2,4
NP_216,2,14
NP_218,1,2
NP_220,1,5
NP_222,2,3
NP_224,1,3
NP_228,1,5
NP_234,1,4
NP_235,1,2
NP_240,1,1
NP_242,1,4
NP_245,1,9
NP_247,1,3
NP_253,1,1
NP_256,1,3
NP_272,1,3
NP_275,1,2
NP_278,1,2
NP_280,1,5
NP_281,1,1
NP_285,2,7
NP_294,1,1
NP_295,1,2
NP_296,1,1
NP_299,1,3
NP_300,1,1
NP_307,1,5
NP_309,1,1
NP_314,1,1
NP_326,2,9
NP_327,1,3
NP_331,1,9
NP_332,1,7
NP_337,1,4
NP_342,1,6
NP_346,2,15
NP_348,1,3
NP_352,1,6
NP_353,1,10
NP_354,1,5
NP_355,1,5
NP_360,1,1
NP_362,1,2
NP_363,1,4
NP_366,1,2
NP_370,1,1
NP_373,1,11
NP_387,1,1
NP_391,2,5
NP_392,1,1
NP_394,1,2
NP_396,2,3
NP_397,1,3
NP_398,1,4
NP_401,2,5
NP_403,2,18
NP_406,2,15
NP_408,3,14
NP_411,1,7
NP_416,1,3
NP_417,2,15
NP_425,1,3
NP_426,1,7
NP_429,1,2
NP_437,1,3
NP_443,1,3
NP_446,1,5
NP_447,8,53
NP_451,1,1
NP_452,2,13
NP_454,1,1
NP_455,1,3
NP_457,2,8
NP_463,1,5
NP_465,1,4
NP_472,1,2
NP_475,2,23
NP_49,1,3
NP_495,2,13
NP_497,11,40
NP_498,5,13
NP_50,1,4
NP_55,1,6
NP_57,1,4
NP_67,1,6
NP_68,2,1
NP_76,2,2
NP_83,1,1
NP_85,8,43
NP_87,1,4
NS_105,1,13
NS_106,5,5
NS_110,1,1
NS_112,1,21
NS_114,1,15
NS_118,2,43
NS_119,1,12
NS_123,2,8
NS_124,4,16
NS_125,27,20
NS_126,1,5
NS_127,1,5
NS_133,1,14
NS_137,1,7
NS_138,1,11
NS_140,2,3
NS_141,1,9
NS_142,2,17
NS_143,1,7
NS_151,2,4
NS_152,1,8
NS_153,1,15
NS_155,2,10
NS_156,1,8
NS_158,1,5
NS_171,2,36
NS_176,2,9
NS_177,1,2
NS_181,1,6
NS_188,1,3
NS_194,3,11
NS_203,1,4
NS_205,1,15
NS_206,1,18
NS_207,1,4
NS_208,1,5
NS_209,4,30
NS_21,2,421
NS_211,1,12
NS_212,6,15
NS_213,1,4
NS_214,1,14
NS_217,1,12
NS_220,1,15
NS_221,2,23
NS_222,4,3
NS_223,1,4
NS_224,1,6
NS_226,2,12
NS_229,21,85
NS_237,1,13
NS_239,2,8
NS_240,3,10
NS_241,3,13
NS_242,1,15
NS_244,3,12
NS_245,1,3
NS_246,7,34
NS_248,1,5
NS_253,64,146
NS_258,2,10
NS_259,1,6
NS_260,1,19
NS_264,1,3
NS_265,1,2
NS_266,1,10
NS_267,1,31
NS_269,8,25
NS_270,2,15
NS_271,3,5
NS_273,1,13
NS_274,1,8
NS_278,3,6
NS_33,3,25
NS_48,1,5
NS_53,1,27
NS_55,1,56
NS_56,2,52
NS_58,3,4
NS_60,1,10
NS_61,1,5
NS_63,1,7
NS_64,3,16
NS_65,2,15
NS_68,3,13
NS_69,1,3
NS_70,1,14
NS_71,2,21
NS_73,2,12
NS_76,2,3
NS_77,21,86
NS_85,1,10
NS_86,4,33
NS_91,2,11
NS_92,1,7
NS_93,1,7
NS_97,1,3
NS_98,2,6
PA_100,1,76
PA_111,1,4
PA_126,1,2
PA_127,1,4
PA_13,22,67
PA_133,1,6
PA_136,1,4
PA_137,2,4
PA_151,1,2
PA_172,1,1
PA_190,2,10
PA_201,1,7
PA_204,1,13
PA_216,1,5
PA_217,1,1
PA_227,1,19
PA_231,1,5
PA_239,1,3
PA_240,3,7
PA_256,2,9
PA_275,1,4
PA_277,5,5
PA_296,1,1
PA_308,1,6
PA_311,2,2
PA_312,4,15
PA_337,2,5
PA_342,2,2
PA_350,2,6
PA_354,1,3
PA_356,2,19
PA_357,4,1
PA_379,1,1
PA_386,2,3
PA_391,2,5
PA_394,1,12
PA_400,2,4
PA_401,2,3
PA_406,1,2
PA_414,1,1
PA_418,1,1
PA_441,5,11
PA_444,1,2
PA_460,8,5
PA_485,1,13
PA_487,1,3
PA_49,1,1
PA_497,48,82
PA_50,1,2
PA_535,3,2
PA_547,1,3
PA_555,1,3
PA_56,1,2
PA_566,1,1
PA_596,2,3
PA_607,1,3
PA_613,16,6
PA_62,1,3
PA_628,1,3
PA_639,1,8
PA_64,1,1
PA_651,1,1
PA_653,1,1
PA_669,2,3
PA_672,1,4
PA_674,1,5
PA_677,1,2
PA_69,2,5
PA_697,1,3
PA_707,1,3
PA_710,1,5
PA_92,1,2
PA_93,2,2
PA_99,6,3
PB1_115,1,10
PB1_117,4,5
PB1_122,23,16
PB1_132,1,25
PB1_139,5,3
PB1_167,2,2
PB1_188,1,3
PB1_189,1,2
PB1_202,1,6
PB1_208,1,1
PB1_209,4,8
PB1_223,1,8
PB1_228,1,10
PB1_230,1,2
PB1_236,2,4
PB1_238,1,9
PB1_246,1,2
PB1_255,2,3
PB1_261,1,3
PB1_274,2,2
PB1_282,1,2
PB1_287,1,4
PB1_298,1,5
PB1_305,7,1
PB1_309,1,2
PB1_321,2,8
PB1_322,1,6
PB1_324,1,4
PB1_325,1,1
PB1_328,3,2
PB1_332,1,4
PB1_335,1,8
PB1_356,1,1
PB1_359,1,5
PB1_374,2,6
PB1_376,1,3
PB1_383,1,2
PB1_388,24,67
PB1_40,3,5
PB1_402,1,2
PB1_404,1,6
PB1_41,3,7
PB1_410,1,1
PB1_422,1,1
PB1_427,1,6
PB1_432,1,9
PB1_435,3,6
PB1_460,1,4
PB1_467,2,15
PB1_476,1,6
PB1_48,212,1046
PB1_481,1,3
PB1_485,2,5
PB1_49,424,2092
PB1_498,2,2
PB1_50,424,2091
PB1_508,1,4
PB1_509,1,5
PB1_511,1,4
PB1_512,1,10
PB1_513,2,7
PB1_520,1,8
PB1_521,1,11
PB1_530,1,14
PB1_531,3,14
PB1_533,1,4
PB1_537,1,1
PB1_538,1,1
PB1_540,1,5
PB1_556,1,2
PB1_558,3,6
PB1_562,1,4
PB1_566,1,8
PB1_567,1,17
PB1_569,1,14
PB1_570,1,3
PB1_572,1,8
PB1_582,1,5
PB1_586,2,3
PB1_591,1,2
PB1_593,2,8
PB1_596,1,6
PB1_598,1,4
PB1_602,16,4
PB1_610,1,3
PB1_612,1,12
PB1_616,1,5
PB1_620,1,2
PB1_625,1,5
PB1_627,1,15
PB1_628,1,10
PB1_631,1,4
PB1_633,1,6
PB1_634,1,16
PB1_635,3,10
PB1_636,2,3
PB1_641,2,6
PB1_642,1,1
PB1_644,1,6
PB1_647,1,9
PB1_648,1,5
PB1_650,2,7
PB1_652,1,19
PB1_653,4,6
PB1_655,1,19
PB1_659,1,4
PB1_660,1,7
PB1_662,1,1
PB1_663,1,5
PB1_665,1,11
PB1_667,1,11
PB1_671,1,1
PB1_673,1,5
PB1_674,1,6
PB1_679,2,7
PB1_683,1,2
PB1_684,1,3
PB1_686,1,19
PB1_689,1,1
PB1_69,1,2
PB1_696,3,4
PB1_714,3,5
PB1_719,1,3
PB1_720,2,2
PB1_724,1,3
PB1_725,1,4
PB1_732,1,6
PB1_738,1,8
PB1_749,1,1
PB1_753,1,1
PB1_756,1,6
PB1_758,1,5
PB1_78,2,4
PB1_82,1,2
PB1_83,1,5
PB1_87,1,7
PB2_106,1,2
PB2_121,3,11
PB2_123,2,1
PB2_139,1,4
PB2_153,4,6
PB2_157,1,12
PB2_175,3,4
PB2_178,1,1
PB2_185,1,1
PB2_188,2,4
PB2_191,1,3
PB2_195,2,4
PB2_197,1,1
PB2_213,1,1
PB2_227,1,5
PB2_228,1,1
PB2_255,3,1
PB2_274,2,4
PB2_295,1,7
PB2_306,6,12
PB2_309,1,6
PB2_311,1,2
PB2_312,1,1
PB2_315,2,8
PB2_318,1,2
PB2_334,2,2
PB2_336,1,1
PB2_338,1,3
PB2_355,1,3
PB2_356,1,6
PB2_360,1,1
PB2_362,1,4
PB2_368,1,4
PB2_389,2,5
PB2_441,1,4
PB2_456,1,2
PB2_470,1,2
PB2_472,1,1
PB2_483,1,10
PB2_489,2,4
PB2_50,1,5
PB2_534,1,4
PB2_535,1,2
PB2_569,1,1
PB2_590,1,2
PB2_627,1,12
PB2_647,3,5
PB2_649,1,5
PB2_66,2,1
PB2_669,1,1
PB2_670,1,236
PB2_677,26,32
PB2_680,1,12
PB2_681,1,10
PB2_687,1,5
PB2_689,1,2
PB2_701,2,3
PB2_703,3,3
PB2_705,1,1
PB2_707,1,5
PB2_713,4,10
PB2_715,1,5
PB2_731,2,2
PB2_736,2,3
PB2_740,3,71
PB2_743,2,1
PB2_744,1,2
PB2_753,1,6
PB2_754,1,4
PB2_92,1,3